dataset,algorithm,avg,max,min,recall,knn,n_queries,num_measure_runs,avg_all,max_all,min_all,ef_search,M,ef_construction,ivf_nprobe
har-561,usearch,1.3509067622098057,1.3580322265625,1.3477802276611328,1.0,10,100,1,1.394486427307129,3.887176513671875,1.3477802276611328,0,0,0,0
