dataset,algorithm,avg,max,min,recall,ivf_nprobe,epsilon,knn,n_queries,selectivity,num_measure_runs,avg_all,max_all,min_all
gist-960-euclidean,bsa,2.75882,5.58625,1.31233,0.606401,16,8,10,1000,0,1,3.809,228.5,1.312
fashion-mnist-784-euclidean,bsa,0.363021,0.707459,0.135417,0.99837,16,10,10,10000,0,1,0.3641,1.072,0.1354
gist-960-euclidean,bsa,2.82718,4.39667,1.31012,0.748901,32,8,10,1000,0,1,2.877,13.51,1.31
openai-1536-angular,bsa,3.81224,6.30033,2.399,0.8762,32,16,10,1000,0,1,4.554,295.7,2.399
nytimes-16-angular,bsa,0.140877,0.1515,0.131417,0.907775,32,14,10,10000,0,1,0.1451,0.2772,0.1274
sift-128-euclidean,bsa,0.507193,0.770875,0.249333,0.870459,32,8,10,10000,0,1,0.5293,3.702,0.2452
gist-960-euclidean,bsa,6.9603,13.9135,1.67629,0.936201,128,8,10,1000,0,1,6.993,32.47,1.676
