dataset,algorithm,avg,max,min,recall,knn,n_queries,num_measure_runs,avg_all,max_all,min_all,ef_search,M,ef_construction,ivf_nprobe
mxbai,ivf_faiss_sq8,0.4708060964209134,0.6771087646484375,0.28586387634277344,0.6994000000000002,20,1000,1,0.4777493476867676,1.2290477752685547,0.28586387634277344,0,0,0,2
mxbai,ivf_faiss_sq8,3.244412077931712,4.317998886108398,2.318859100341797,0.9399000000000026,20,1000,1,3.258742570877075,4.913091659545898,2.318859100341797,0,0,0,25
