dataset,algorithm,avg,max,min,recall,knn,n_queries,num_measure_runs,avg_all,max_all,min_all,ef_search,M,ef_construction,ivf_nprobe
mxbai,ivf_faiss,0.7587908017509272,1.4259815216064453,0.5340576171875,0.917830000000003,100,1000,1,1.0809369087219238,15.434980392456055,0.5340576171875,0,0,0,32
mxbai,ivf_faiss,0.5564239424497343,0.6787776947021484,0.44083595275878906,0.9006100000000026,100,1000,1,0.5586903095245361,0.7460117340087891,0.44083595275878906,0,0,0,25
mxbai,ivf_faiss,1.9549292098108673,2.340078353881836,1.638174057006836,0.9757200000000044,100,1000,1,1.9594306945800781,4.152059555053711,1.638174057006836,0,0,0,128
mxbai,ivf_faiss,0.5538932691964852,0.6740093231201172,0.45490264892578125,0.941650000000002,20,1000,1,0.5571494102478027,2.184152603149414,0.4241466522216797,0,0,0,25
