dataset,algorithm,avg,max,min,recall,ivf_nprobe,epsilon,knn,n_queries,selectivity,num_measure_runs,avg_all,max_all,min_all
openai,adsampling,0.583102,0.718916,0.450375,0.839039,32,0,100,1000,0.2,1,0.5833,0.7456,0.4233
openai,adsampling,0.864532,1.20437,0.53175,0.926669,128,0,100,1000,0.2,1,0.8638,1.204,0.5146
arxiv,adsampling,0.321106,0.397583,0.248,0.904168,32,0,100,1000,0.2,1,0.3215,0.4456,0.2422
