dataset,algorithm,avg,max,min,recall,ivf_nprobe,epsilon,knn,n_queries,selectivity,num_measure_runs,avg_all,max_all,min_all
mxbai,adsampling,0.212453,0.318375,0.131292,0.901368,25,0,100,1000,0.2,1,0.2135,0.3588,0.1313
mxbai,adsampling,0.199531,0.293875,0.12325,0.901368,25,0,100,1000,0.2,1,0.2001,0.3107,0.1232
openai,adsampling,0.338263,0.462875,0.209292,0.836119,32,0,100,1000,0.2,1,0.338,0.5004,0.191
arxiv,adsampling,0.191359,0.267833,0.115875,0.902898,32,0,100,1000,0.2,1,0.1917,0.294,0.09696
arxiv,adsampling,0.197974,0.286083,0.111708,0.902898,32,0,100,1000,0.2,1,0.1986,0.3234,0.1024
arxiv,adsampling,0.187311,0.261583,0.11575,0.902898,32,0,100,1000,0.2,1,0.1883,0.2933,0.1045
